{
  "goodbye": {
    "precision": 1.0,
    "recall": 1.0,
    "f1-score": 1.0,
    "support": 2
  },
  "action_listen": {
    "precision": 0.7142857142857143,
    "recall": 1.0,
    "f1-score": 0.8333333333333333,
    "support": 5
  },
  "utter_ask_number": {
    "precision": 0.0,
    "recall": 0.0,
    "f1-score": 0.0,
    "support": 1
  },
  "bot_challenge": {
    "precision": 1.0,
    "recall": 1.0,
    "f1-score": 1.0,
    "support": 1
  },
  "utter_ask_name": {
    "precision": 0.0,
    "recall": 0.0,
    "f1-score": 0.0,
    "support": 1
  },
  "None": {
    "precision": 0.0,
    "recall": 0.0,
    "f1-score": 0.0,
    "support": 2
  },
  "utter_iamabot": {
    "precision": 1.0,
    "recall": 1.0,
    "f1-score": 1.0,
    "support": 1
  },
  "inform": {
    "precision": 1.0,
    "recall": 1.0,
    "f1-score": 1.0,
    "support": 2
  },
  "utter_goodbye": {
    "precision": 1.0,
    "recall": 1.0,
    "f1-score": 1.0,
    "support": 2
  },
  "micro avg": {
    "precision": 0.8666666666666667,
    "recall": 0.7647058823529411,
    "f1-score": 0.8125,
    "support": 17
  },
  "macro avg": {
    "precision": 0.6349206349206349,
    "recall": 0.6666666666666666,
    "f1-score": 0.6481481481481481,
    "support": 17
  },
  "weighted avg": {
    "precision": 0.680672268907563,
    "recall": 0.7647058823529411,
    "f1-score": 0.7156862745098039,
    "support": 17
  },
  "accuracy": 0.7647058823529411,
  "conversation_accuracy": {
    "accuracy": 0.6666666666666666,
    "correct": 2,
    "with_warnings": 0,
    "total": 3
  }
}